{
  "label_names": [
    "const",
    "complex",
    "hs_change",
    "bpm_rhythm_bin"
  ],
  "transforms": {
    "const": "identity",
    "complex": "identity",
    "hs_change": "identity",
    "bpm_rhythm_bin": "identity"
  },
  "mean": [
    8.804030418395996,
    27.552949905395508,
    13.398709297180176,
    0.4532940089702606
  ],
  "std": [
    1.5587530136108398,
    24.285783767700195,
    24.36803436279297,
    0.681279182434082
  ],
  "raw_min": [
    2.0,
    0.0,
    0.0,
    0.0
  ],
  "raw_max": [
    11.600000381469727,
    100.0,
    100.0,
    2.0
  ],
  "split": {
    "seed": 20260619,
    "train": 1017,
    "val": 127,
    "test": 128
  }
}