{
  "autoencoder": "checkpoints/autoencoder_kl_v13_mug_holds/best.pt",
  "split": "data/cache/diffusion_v13_mug_holds/train.csv",
  "count": 631104,
  "mean": [
    1.0878679752349854,
    1.4638614654541016,
    0.20140396058559418,
    1.2593209743499756,
    3.935767650604248,
    1.924975872039795,
    -1.8735930919647217,
    -1.5916250944137573,
    -0.27416515350341797,
    -0.9556267857551575,
    0.6354588866233826,
    -3.6032283306121826,
    -3.2604029178619385,
    -1.1935995817184448,
    -1.5960773229599,
    -0.49413031339645386
  ],
  "std": [
    0.9968538284301758,
    1.184747576713562,
    1.2095664739608765,
    1.0967953205108643,
    1.6480579376220703,
    1.2313144207000732,
    1.195473074913025,
    1.138096809387207,
    1.1140506267547607,
    1.1499416828155518,
    1.0354719161987305,
    1.1339328289031982,
    1.0511211156845093,
    1.120261549949646,
    1.4911590814590454,
    1.0621461868286133
  ],
  "global_min": -8.819145202636719,
  "global_max": 8.9403657913208
}