{
  "sample_rate": 22050,
  "frame_ms": 46.4399,
  "hop_length": 1024,
  "n_fft": 2048,
  "n_mels": 64,
  "feature_names": [
    "mel_00",
    "mel_01",
    "mel_02",
    "mel_03",
    "mel_04",
    "mel_05",
    "mel_06",
    "mel_07",
    "mel_08",
    "mel_09",
    "mel_10",
    "mel_11",
    "mel_12",
    "mel_13",
    "mel_14",
    "mel_15",
    "mel_16",
    "mel_17",
    "mel_18",
    "mel_19",
    "mel_20",
    "mel_21",
    "mel_22",
    "mel_23",
    "mel_24",
    "mel_25",
    "mel_26",
    "mel_27",
    "mel_28",
    "mel_29",
    "mel_30",
    "mel_31",
    "mel_32",
    "mel_33",
    "mel_34",
    "mel_35",
    "mel_36",
    "mel_37",
    "mel_38",
    "mel_39",
    "mel_40",
    "mel_41",
    "mel_42",
    "mel_43",
    "mel_44",
    "mel_45",
    "mel_46",
    "mel_47",
    "mel_48",
    "mel_49",
    "mel_50",
    "mel_51",
    "mel_52",
    "mel_53",
    "mel_54",
    "mel_55",
    "mel_56",
    "mel_57",
    "mel_58",
    "mel_59",
    "mel_60",
    "mel_61",
    "mel_62",
    "mel_63",
    "onset",
    "rms"
  ],
  "feature_mean": [
    0.2313945506916801,
    0.2342299257469163,
    0.22414759487188096,
    0.2139122847235488,
    0.21185077418398052,
    0.20910204067641344,
    0.20812921946879717,
    0.20715744760910917,
    0.20461583707384828,
    0.2026928080586652,
    0.1993240655050478,
    0.19737069103282337,
    0.19544209351843025,
    0.19480260090757123,
    0.1937745624498632,
    0.19385085996520426,
    0.19253802219801325,
    0.1934250930116338,
    0.1924540640054748,
    0.19155475474344785,
    0.18952007737930968,
    0.19041361892035438,
    0.1895753326365211,
    0.18878439450912682,
    0.18690098342163647,
    0.18828751121565063,
    0.1885894394596735,
    0.1886141870626226,
    0.18815291020942213,
    0.1873578037956301,
    0.1880908979710502,
    0.18735434685549024,
    0.18767663329113274,
    0.18718927717982733,
    0.18594854226319643,
    0.1857607655559418,
    0.18367068392490274,
    0.18320504814091798,
    0.18399583388389695,
    0.18326617817579777,
    0.18407099649294395,
    0.18316936159320196,
    0.18243551951307022,
    0.18097319874622975,
    0.1786482270903102,
    0.176086621297922,
    0.17386671050703334,
    0.17112471933271978,
    0.17067573552832346,
    0.1709251051460321,
    0.17132590843549397,
    0.17149141512051588,
    0.17171526914325425,
    0.17190879972806264,
    0.17244811861893647,
    0.17255446753019713,
    0.1724180532103717,
    0.17222083113360234,
    0.17201698308898547,
    0.17136093531668073,
    0.17062368896218738,
    0.16860969643746979,
    0.16292833940038892,
    0.15225447223919544,
    0.087167459601129,
    0.15247646702167084
  ],
  "feature_std": [
    0.3689327499209689,
    0.37090729379510695,
    0.35434784078697407,
    0.33784993015092357,
    0.3339708226962086,
    0.32934566312131536,
    0.327632383668451,
    0.32625741589700785,
    0.3224309567923666,
    0.3194974250997065,
    0.3144855810837405,
    0.31169257075329226,
    0.30868074081504426,
    0.30791647272574085,
    0.3064976556622144,
    0.3066417331873707,
    0.30469046481936746,
    0.3061854537435405,
    0.3044985043725481,
    0.30326734859073007,
    0.3000406418261206,
    0.3013823910978541,
    0.2997975480921797,
    0.2987666407865654,
    0.2958791318479738,
    0.29794205978002564,
    0.29837955215106504,
    0.2984055422730136,
    0.2976657902894281,
    0.2964471968265196,
    0.29755030791764076,
    0.2965215093119763,
    0.2970465159523412,
    0.2962617213731389,
    0.2943691732892899,
    0.29409644182438266,
    0.2909469491335004,
    0.29029394256258406,
    0.29167025315255274,
    0.2907489530050289,
    0.2920373248996342,
    0.29065810611351944,
    0.28963149585961523,
    0.28745610334856764,
    0.2840480788119373,
    0.2802022915568971,
    0.27693419402412106,
    0.27296171877326597,
    0.2722749079136407,
    0.272676138320057,
    0.273394837733655,
    0.2738046673815146,
    0.2744162354626457,
    0.2750565167195875,
    0.2760647116326943,
    0.2763606031148441,
    0.2764405636474059,
    0.27648046687104416,
    0.2764831903305337,
    0.2756651840097606,
    0.2747467359565397,
    0.2718784835633707,
    0.2635785248866063,
    0.24768208700717181,
    0.19673772187824035,
    0.24594857652862362
  ],
  "splits": {
    "train": 4726,
    "val": 574,
    "test": 564
  },
  "errors": 0
}