{
  "target_channels": [
    "don",
    "ka",
    "big_don",
    "big_ka",
    "hold_start",
    "hold_body",
    "hold_end",
    "bpm_change_event",
    "bpm_value",
    "scroll_change_event",
    "scroll_value"
  ],
  "condition_names": [
    "const",
    "complex_bin",
    "subdivision_bin",
    "hs_change_bin",
    "bpm_rhythm_bin",
    "note_type_bin",
    "avg_density_bin",
    "peak_density_bin",
    "big_note_ratio",
    "balloon_roll_ratio",
    "ka_ratio"
  ],
  "condition_mean": [
    6.6528496742248535,
    1.3332628011703491,
    0.1895895004272461,
    0.32437580823898315,
    0.5526872873306274,
    0.9995768070220947,
    1.0002115964889526,
    1.0,
    0.06516288220882416,
    0.32545238733291626,
    0.3924097418785095
  ],
  "condition_std": [
    2.077000379562378,
    0.47138020396232605,
    0.46823275089263916,
    0.4681474566459656,
    0.8442305326461792,
    0.8164071440696716,
    0.816536009311676,
    0.8166693449020386,
    0.05897752568125725,
    0.30252373218536377,
    0.09733161330223083
  ],
  "window_frames": 8192,
  "frame_ms": 46.4399,
  "splits": {
    "train": 4726,
    "val": 574,
    "test": 564
  },
  "bin_thresholds": {
    "complex_bin": [
      0.0,
      4.7498250007629395
    ],
    "note_type_bin": [
      1.7713340520858765,
      5.113241195678711
    ],
    "avg_density_bin": [
      3.060612678527832,
      4.302833557128906
    ],
    "peak_density_bin": [
      2.0685060024261475,
      2.3854150772094727
    ]
  },
  "bin_representatives": {
    "complex_bin": [
      0.0,
      0.5853291749954224,
      25.58685874938965
    ],
    "note_type_bin": [
      0.7236568331718445,
      3.248849868774414,
      19.249588012695312
    ],
    "avg_density_bin": [
      2.389981508255005,
      3.6409008502960205,
      5.677870750427246
    ],
    "peak_density_bin": [
      1.8813233375549316,
      2.21441650390625,
      2.856625556945801
    ]
  }
}